t0,t1,t2,t3,t4,t5,t6,t7,t8,t9,t10,t11,t12,t13,t14,t15,t16,t17,t18,t19,t20,t21,t22,t23,t24,t25,t26,t27,t28,t29,t30,t31,t32,t33,t34,t35,t36,t37,t38,t39,t40,t41,t42,t43,t44,t45,t46,t47,t48,t49,t50,t51,t52,t53,t54,t55,t56,t57,t58,t59,t60,t61,t62,t63,t64,t65,t66,t67,t68,t69,t70,t71,t72,t73,t74,t75,t76,t77,t78,t79,t80,t81,t82,t83,t84,t85,t86,t87,t88,t89,t90,t91,t92,t93,t94,t95,t96,t97,t98,t99,t100,t101,t102,t103,t104,t105,t106,t107,t108,t109,t110,t111,t112,t113,t114,t115,t116,t117,t118,t119,t120,t121,t122,t123,t124,t125,t126,t127,t128,t129,t130,t131,t132,t133,t134,t135,t136,t137,t138,t139,t140,t141,t142,t143,t144,t145,t146,t147,t148,t149,t150,t151,t152,t153,t154,t155,t156,t157,t158,t159,t160,t161,t162,t163,t164,t165,t166,t167,t168,t169,t170,t171,t172,t173,t174,t175,t176,t177,t178,t179,t180,t181,t182,t183,t184,t185,t186,label
1.0,0.8684210777282714,0.5150375962257385,0.20676691830158236,0.11654135584831236,0.07518796622753142,0.04887218028306961,0.033834587782621384,0.02255639061331749,0.02255639061331749,0.015037594363093376,0.0,0.007518797181546688,0.007518797181546688,0.018796991556882855,0.015037594363093376,0.015037594363093376,0.003759398590773344,0.007518797181546688,0.0,0.003759398590773344,0.003759398590773344,0.011278195306658745,0.015037594363093376,0.015037594363093376,0.015037594363093376,0.033834587782621384,0.04887218028306961,0.06390977650880814,0.08270676434040068,0.10150375962257384,0.12406015396118164,0.12406015396118164,0.1428571492433548,0.15413533151149747,0.15413533151149747,0.16165412962436676,0.1428571492433548,0.1353383511304855,0.13909775018692017,0.1353383511304855,0.14661654829978943,0.1428571492433548,0.1353383511304855,0.1353383511304855,0.1353383511304855,0.13909775018692017,0.1315789520740509,0.1315789520740509,0.1315789520740509,0.13909775018692017,0.15037593245506287,0.1654135286808014,0.15789473056793213,0.1654135286808014,0.14661654829978943,0.15037593245506287,0.1315789520740509,0.14661654829978943,0.13909775018692017,0.15037593245506287,0.1428571492433548,0.1315789520740509,0.15037593245506287,0.15037593245506287,0.14661654829978943,0.15037593245506287,0.1315789520740509,0.1428571492433548,0.14661654829978943,0.16165412962436676,0.15413533151149747,0.16165412962436676,0.15037593245506287,0.15413533151149747,0.16165412962436676,0.15037593245506287,0.15037593245506287,0.15413533151149747,0.2781955003738404,0.5263158082962036,0.7781955003738403,0.9924812316894531,0.9285714030265808,0.6992481350898743,0.2744360864162445,0.16165412962436676,0.10150375962257384,0.08646616339683533,0.0714285746216774,0.04887218028306961,0.05263157933950424,0.04135338217020034,0.033834587782621384,0.033834587782621384,0.015037594363093376,0.02631578966975212,0.018796991556882855,0.018796991556882855,0.02255639061331749,0.015037594363093376,0.0,0.0,0.0,0.0,0.0,0.0,0.0,0.0,0.0,0.0,0.0,0.0,0.0,0.0,0.0,0.0,0.0,0.0,0.0,0.0,0.0,0.0,0.0,0.0,0.0,0.0,0.0,0.0,0.0,0.0,0.0,0.0,0.0,0.0,0.0,0.0,0.0,0.0,0.0,0.0,0.0,0.0,0.0,0.0,0.0,0.0,0.0,0.0,0.0,0.0,0.0,0.0,0.0,0.0,0.0,0.0,0.0,0.0,0.0,0.0,0.0,0.0,0.0,0.0,0.0,0.0,0.0,0.0,0.0,0.0,0.0,0.0,0.0,0.0,0.0,0.0,0.0,0.0,0.0,0.0,0.0,0.0,0.0,0.0,0.0,0.0,0
0.9497206807136536,0.8927374482154846,0.8312849402427673,0.7541899681091309,0.6815642714500427,0.5877094864845276,0.4826815724372864,0.35083797574043274,0.2335195541381836,0.14413407444953918,0.11061452329158782,0.08603352308273315,0.031284917145967484,0.0022346368059515957,0.018994413316249847,0.13184358179569244,0.2491620182991028,0.30391061305999756,0.32625699043273926,0.3463687002658844,0.354189932346344,0.3765363097190857,0.41564247012138367,0.4458100497722626,0.4860335290431976,0.529608964920044,0.5709497332572937,0.5910614728927612,0.6011173129081726,0.6167597770690918,0.632402241230011,0.651396632194519,0.6681564450263977,0.6782122850418091,0.6994413137435913,0.71620112657547,0.7452514171600341,0.7631285190582275,0.778770923614502,0.7977653741836547,0.8100558519363403,0.8178771138191222,0.818994402885437,0.813407838344574,0.802234649658203,0.7843575477600098,0.7664804458618163,0.7363128662109374,0.7072625756263733,0.6737430095672609,0.6435754299163817,0.6111732125282288,0.5843575596809387,0.5620111823081969,0.5396648049354553,0.5229050517082214,0.5094972252845764,0.5005586743354796,0.4949720799922943,0.48826816678047186,0.4860335290431976,0.48044693470001215,0.4815642535686493,0.4815642535686493,0.47709497809410095,0.4815642535686493,0.48044693470001215,0.47709497809410095,0.478212296962738,0.4793296158313751,0.48379889130592346,0.4860335290431976,0.4938547611236572,0.5005586743354796,0.521787703037262,0.5441340804100037,0.5497206449508666,0.5664804577827454,0.5608938336372375,0.5497206449508666,0.5497206449508666,0.5430167317390442,0.5363128781318665,0.5162011384963989,0.5005586743354796,0.4849162101745605,0.4759776592254639,0.4670391082763672,0.46145251393318176,0.45586591958999634,0.452513962984085,0.45363128185272217,0.4480446875095368,0.451396644115448,0.4491620063781738,0.451396644115448,0.4491620063781738,0.451396644115448,0.45586591958999634,0.4592178761959076,0.4715083837509155,0.518435776233673,0.8234636783599852,1.0,0.9296089410781859,0.8681564331054686,0.8011173009872435,0.7251396775245665,0.6301676034927368,0.5195530652999878,0.393296092748642,0.2726256847381592,0.1586592197418213,0.11843575537204742,0.07821229100227357,0.022346368059515957,0.0,0.07597765326499939,0.19664804637432096,0.28379887342453,0.31843575835227966,0.35642457008361816,0.3776536285877228,0.393296092748642,0.0,0.0,0.0,0.0,0.0,0.0,0.0,0.0,0.0,0.0,0.0,0.0,0.0,0.0,0.0,0.0,0.0,0.0,0.0,0.0,0.0,0.0,0.0,0.0,0.0,0.0,0.0,0.0,0.0,0.0,0.0,0.0,0.0,0.0,0.0,0.0,0.0,0.0,0.0,0.0,0.0,0.0,0.0,0.0,0.0,0.0,0.0,0.0,0.0,0.0,0.0,0.0,0.0,0.0,0.0,0.0,0.0,0.0,0.0,0.0,0.0,0.0,0.0,4
1.0,0.5470383167266846,0.2787456512451172,0.2648083567619324,0.18815331161022184,0.16027875244617462,0.1358885020017624,0.12195122241973876,0.10104529559612274,0.11149825900793076,0.10104529559612274,0.10801393538713457,0.07665505260229111,0.07317072898149489,0.038327526301145554,0.05923344939947128,0.04529616609215736,0.05574912950396538,0.03484320640563965,0.04529616609215736,0.02787456475198269,0.05574912950396538,0.038327526301145554,0.05923344939947128,0.03484320640563965,0.04529616609215736,0.0,0.006968641187995672,0.02090592309832573,0.024390242993831635,0.024390242993831635,0.05923344939947128,0.04181184619665146,0.07665505260229111,0.0662020891904831,0.1393728256225586,0.12543554604053497,0.1428571492433548,0.11498257517814636,0.12543554604053497,0.09756097197532652,0.10801393538713457,0.10452961921691895,0.17073170840740204,0.16376306116580963,0.17421603202819824,0.1428571492433548,0.0,0.0,0.0,0.0,0.0,0.0,0.0,0.0,0.0,0.0,0.0,0.0,0.0,0.0,0.0,0.0,0.0,0.0,0.0,0.0,0.0,0.0,0.0,0.0,0.0,0.0,0.0,0.0,0.0,0.0,0.0,0.0,0.0,0.0,0.0,0.0,0.0,0.0,0.0,0.0,0.0,0.0,0.0,0.0,0.0,0.0,0.0,0.0,0.0,0.0,0.0,0.0,0.0,0.0,0.0,0.0,0.0,0.0,0.0,0.0,0.0,0.0,0.0,0.0,0.0,0.0,0.0,0.0,0.0,0.0,0.0,0.0,0.0,0.0,0.0,0.0,0.0,0.0,0.0,0.0,0.0,0.0,0.0,0.0,0.0,0.0,0.0,0.0,0.0,0.0,0.0,0.0,0.0,0.0,0.0,0.0,0.0,0.0,0.0,0.0,0.0,0.0,0.0,0.0,0.0,0.0,0.0,0.0,0.0,0.0,0.0,0.0,0.0,0.0,0.0,0.0,0.0,0.0,0.0,0.0,0.0,0.0,0.0,0.0,0.0,0.0,0.0,0.0,0.0,0.0,0.0,0.0,0.0,0.0,0.0,0.0,0.0,0.0,0.0,0.0,1
0.9474671483039857,0.8348968029022216,0.602251410484314,0.1332082599401474,0.0,0.08442776650190353,0.06378986686468124,0.08067542314529419,0.12382739037275314,0.172607883810997,0.2401500940322876,0.29643526673316956,0.3264540433883667,0.36022514104843134,0.3883677423000336,0.3958724141120911,0.4090056419372559,0.41651031374931335,0.41651031374931335,0.4296435415744781,0.43151968717575073,0.43902438879013056,0.44277673959732056,0.45778611302375793,0.47467166185379034,0.4915572106838226,0.51031893491745,0.5515947341918945,0.5909943580627441,0.6247654557228088,0.6791744828224182,0.7335835099220275,0.7786116600036621,0.7936210036277771,0.8142589330673218,0.8105065822601318,0.789868652820587,0.7692307829856871,0.7373358607292174,0.7035647034645081,0.6604127287864685,0.6153846383094788,0.5872420072555542,0.5572232604026793,0.5253283381462097,0.49718573689460754,0.48780488967895513,0.4671669900417328,0.45590993762016296,0.44277673959732056,0.4465290904045105,0.4484052658081055,0.4465290904045105,0.4502814114093781,0.46904316544532776,0.5159474611282349,0.5816134810447693,0.6735459566116333,0.7654784321784973,0.8667917251586914,0.9699812531471251,1.0,0.9568480253219603,0.9230769276618956,0.911819875240326,0.97560977935791,0.7992495298385619,0.5009380578994751,0.348968118429184,0.3001876175403595,0.25703564286231995,0.22326454520225525,0.20450282096862793,0.19512194395065308,0.1857410818338394,0.19324578344821927,0.19512194395065308,0.20262664556503293,0.18949343264102933,0.18198874592781064,0.18011257052421567,0.16510318219661713,0.15759849548339844,0.13883677124977112,0.1332082599401474,0.1332082599401474,0.1069418415427208,0.09005628526210785,0.09193246066570282,0.08442776650190353,0.07504690438508987,0.08255159109830856,0.09005628526210785,0.1069418415427208,0.13883677124977112,0.16697935760021207,0.20262664556503293,0.227016881108284,0.26454034447669983,0.2945590913295746,0.3058161437511444,0.0,0.0,0.0,0.0,0.0,0.0,0.0,0.0,0.0,0.0,0.0,0.0,0.0,0.0,0.0,0.0,0.0,0.0,0.0,0.0,0.0,0.0,0.0,0.0,0.0,0.0,0.0,0.0,0.0,0.0,0.0,0.0,0.0,0.0,0.0,0.0,0.0,0.0,0.0,0.0,0.0,0.0,0.0,0.0,0.0,0.0,0.0,0.0,0.0,0.0,0.0,0.0,0.0,0.0,0.0,0.0,0.0,0.0,0.0,0.0,0.0,0.0,0.0,0.0,0.0,0.0,0.0,0.0,0.0,0.0,0.0,0.0,0.0,0.0,0.0,0.0,0.0,0.0,0.0,0.0,0.0,0.0,0.0,0.0,0.0,0.0,2
1.0,0.5271317958831787,0.19379845261573792,0.19379845261573792,0.098837211728096,0.0,0.025193799287080765,0.12015503644943236,0.22674418985843656,0.2829457223415375,0.28875967860221863,0.29263564944267273,0.2945736348628998,0.3062015473842621,0.3100775182247162,0.302325576543808,0.30813953280448914,0.31976744532585144,0.32364341616630554,0.31976744532585144,0.3178294599056244,0.33139535784721375,0.3372093141078949,0.3333333432674408,0.3488371968269348,0.3604651093482971,0.3701550364494324,0.3643410801887512,0.36821705102920527,0.3895348906517029,0.39728683233261114,0.4011628031730652,0.4127906858921051,0.4321705400943756,0.44186046719551086,0.4437984526157379,0.45155039429664606,0.4786821603775024,0.48643410205841053,0.4786821603775024,0.5019379854202272,0.5116279125213623,0.5116279125213623,0.5135658979415894,0.5155038833618164,0.5174418687820435,0.5038759708404541,0.48062014579772955,0.47674417495727534,0.4593023359775543,0.4379844963550568,0.4050387740135193,0.3798449635505676,0.3856589198112488,0.3740310072898865,0.3449612259864807,0.3449612259864807,0.3488371968269348,0.33914729952812195,0.3294573724269867,0.3449612259864807,0.3488371968269348,0.34302327036857605,0.33527132868766785,0.32751938700675964,0.33527132868766785,0.3333333432674408,0.31589147448539734,0.32364341616630554,0.33527132868766785,0.31976744532585144,0.3139534890651703,0.3217054307460785,0.3100775182247162,0.302325576543808,0.3062015473842621,0.30038759112358093,0.30426356196403503,0.31201550364494324,0.2984496057033539,0.29651162028312683,0.30426356196403503,0.2945736348628998,0.30038759112358093,0.2906976640224457,0.30426356196403503,0.2984496057033539,0.2945736348628998,0.30038759112358093,0.302325576543808,0.2984496057033539,0.2945736348628998,0.2984496057033539,0.31589147448539734,0.3217054307460785,0.3139534890651703,0.3294573724269867,0.35271316766738886,0.3604651093482971,0.35852712392807007,0.3488371968269348,0.3372093141078949,0.32364341616630554,0.2945736348628998,0.2868216931819916,0.29651162028312683,0.28488370776176447,0.2732558250427246,0.2829457223415375,0.28488370776176447,0.2829457223415375,0.27131783962249756,0.28488370776176447,0.2810077667236328,0.2131782919168472,0.25193798542022705,0.6317829489707947,0.9806201457977296,0.6918604373931885,0.17635658383369443,0.16279070079326627,0.14922480285167694,0.03875968977808952,0.001937984488904476,0.03294573724269867,0.11046511679887772,0.19379845261573792,0.25193798542022705,0.27519381046295166,0.2868216931819916,0.29651162028312683,0.2984496057033539,0.2984496057033539,0.31589147448539734,0.31976744532585144,0.30426356196403503,0.30813953280448914,0.3217054307460785,0.32558140158653254,0.31976744532585144,0.31976744532585144,0.0,0.0,0.0,0.0,0.0,0.0,0.0,0.0,0.0,0.0,0.0,0.0,0.0,0.0,0.0,0.0,0.0,0.0,0.0,0.0,0.0,0.0,0.0,0.0,0.0,0.0,0.0,0.0,0.0,0.0,0.0,0.0,0.0,0.0,0.0,0.0,0.0,0.0,0.0,0.0,0.0,0.0,0.0,0.0,0.0,0.0,0
1.0,0.7255192995071411,0.4198813140392304,0.1602373868227005,0.08308605104684828,0.09495548903942108,0.08753709495067596,0.059347182512283325,0.04599406570196152,0.04747774451971054,0.03264094889163971,0.03709198907017708,0.028189910575747486,0.020771512761712074,0.028189910575747486,0.028189910575747486,0.029673591256141663,0.04747774451971054,0.05489614233374596,0.06676557660102844,0.08902077376842497,0.115726999938488,0.15133531391620636,0.17507418990135193,0.2047477811574936,0.2418397665023804,0.27299702167510986,0.3056379854679108,0.316023737192154,0.32937684655189514,0.34866470098495483,0.33679524064064026,0.33086052536964417,0.3338278830051422,0.32195845246315,0.31008902192115784,0.28635016083717346,0.26557862758636475,0.2537091970443725,0.22255192697048187,0.20919881761074063,0.2062314599752426,0.2047477811574936,0.19881305098533633,0.20919881761074063,0.23442137241363523,0.27151334285736084,0.27893173694610596,0.27893173694610596,0.28486648201942444,0.23887240886688232,0.18991097807884216,0.17062313854694366,0.17210683226585388,0.18249258399009705,0.1735905110836029,0.17062313854694366,0.179525226354599,0.17804154753684995,0.17062313854694366,0.16320474445819855,0.2181008905172348,0.47032642364501953,0.8234421610832214,0.8931750655174254,0.562314510345459,0.22700296342372892,0.026706231757998463,0.0,0.09347181022167203,0.11424332112073898,0.08902077376842497,0.07418397814035414,0.07863501459360121,0.07715133577585219,0.06676557660102844,0.06528189778327942,0.0,0.0,0.0,0.0,0.0,0.0,0.0,0.0,0.0,0.0,0.0,0.0,0.0,0.0,0.0,0.0,0.0,0.0,0.0,0.0,0.0,0.0,0.0,0.0,0.0,0.0,0.0,0.0,0.0,0.0,0.0,0.0,0.0,0.0,0.0,0.0,0.0,0.0,0.0,0.0,0.0,0.0,0.0,0.0,0.0,0.0,0.0,0.0,0.0,0.0,0.0,0.0,0.0,0.0,0.0,0.0,0.0,0.0,0.0,0.0,0.0,0.0,0.0,0.0,0.0,0.0,0.0,0.0,0.0,0.0,0.0,0.0,0.0,0.0,0.0,0.0,0.0,0.0,0.0,0.0,0.0,0.0,0.0,0.0,0.0,0.0,0.0,0.0,0.0,0.0,0.0,0.0,0.0,0.0,0.0,0.0,0.0,0.0,0.0,0.0,0.0,0.0,0.0,0.0,0.0,0.0,0.0,0.0,0.0,0.0,3
1.0,0.768261969089508,0.191435769200325,0.0,0.16372795403003693,0.24685138463974,0.23425692319869995,0.241813600063324,0.251889169216156,0.244332492351532,0.25944584608078,0.256926953792572,0.27204030752182007,0.26196473836898804,0.2770780920982361,0.2770780920982361,0.256926953792572,0.27204030752182007,0.26700252294540405,0.2846347689628601,0.29722923040390015,0.29219144582748413,0.3350125849246979,0.29219144582748413,0.32997480034828186,0.3400503695011139,0.3450881540775299,0.3400503695011139,0.3375314772129059,0.32997480034828186,0.31989923119544983,0.29471033811569214,0.27204030752182007,0.26952141523361206,0.24685138463974,0.26196473836898804,0.251889169216156,0.24685138463974,0.27204030752182007,0.254408061504364,0.254408061504364,0.24685138463974,0.25944584608078,0.25944584608078,0.30478590726852417,0.27204030752182007,0.2821158766746521,0.30478590726852417,0.29471033811569214,0.3148614466190338,0.5692695379257202,0.964735507965088,0.982367753982544,0.4206549227237701,0.07808564603328703,0.22670024633407593,0.32241812348365784,0.3425692617893219,0.3173803389072418,0.0,0.0,0.0,0.0,0.0,0.0,0.0,0.0,0.0,0.0,0.0,0.0,0.0,0.0,0.0,0.0,0.0,0.0,0.0,0.0,0.0,0.0,0.0,0.0,0.0,0.0,0.0,0.0,0.0,0.0,0.0,0.0,0.0,0.0,0.0,0.0,0.0,0.0,0.0,0.0,0.0,0.0,0.0,0.0,0.0,0.0,0.0,0.0,0.0,0.0,0.0,0.0,0.0,0.0,0.0,0.0,0.0,0.0,0.0,0.0,0.0,0.0,0.0,0.0,0.0,0.0,0.0,0.0,0.0,0.0,0.0,0.0,0.0,0.0,0.0,0.0,0.0,0.0,0.0,0.0,0.0,0.0,0.0,0.0,0.0,0.0,0.0,0.0,0.0,0.0,0.0,0.0,0.0,0.0,0.0,0.0,0.0,0.0,0.0,0.0,0.0,0.0,0.0,0.0,0.0,0.0,0.0,0.0,0.0,0.0,0.0,0.0,0.0,0.0,0.0,0.0,0.0,0.0,0.0,0.0,0.0,0.0,0.0,0.0,0.0,0.0,0.0,0.0,1
1.0,0.6755852699279785,0.6655518412590027,0.6655518412590027,0.648829460144043,0.6421404480934143,0.6086956262588501,0.5652173757553101,0.4949832856655121,0.3511705696582794,0.22408026456832883,0.12374582141637802,0.07023411244153976,0.08361203968524931,0.0,0.07692307978868483,0.1739130467176437,0.28093644976615906,0.3645485043525696,0.4147157073020935,0.42809364199638367,0.4715718924999237,0.474916398525238,0.474916398525238,0.4648829400539398,0.5183946490287781,0.52173912525177,0.568561851978302,0.5585284233093262,0.5585284233093262,0.568561851978302,0.568561851978302,0.571906328201294,0.5886287689208984,0.568561851978302,0.5819398164749146,0.6321070194244385,0.6220735907554625,0.6053511500358582,0.6521739363670349,0.6454849243164064,0.6354514956474304,0.6421404480934143,0.6555184125900269,0.6454849243164064,0.6321070194244385,0.6387959718704224,0.6588628888130188,0.6622073650360107,0.6287625432014465,0.6086956262588501,0.6053511500358582,0.568561851978302,0.5785953402519226,0.5652173757553101,0.5618728995323181,0.5150501728057861,0.5518394708633423,0.52173912525177,0.525083601474762,0.5284280776977539,0.5384615659713745,0.5050167441368103,0.5351170301437378,0.5618728995323181,0.5551839470863342,0.5451505184173584,0.5418060421943665,0.48494982719421387,0.48494982719421387,0.4816053509712219,0.474916398525238,0.45819398760795593,0.48494982719421387,0.4949832856655121,0.43812710046768183,0.454849511384964,0.4648829400539398,0.42474916577339167,0.0,0.0,0.0,0.0,0.0,0.0,0.0,0.0,0.0,0.0,0.0,0.0,0.0,0.0,0.0,0.0,0.0,0.0,0.0,0.0,0.0,0.0,0.0,0.0,0.0,0.0,0.0,0.0,0.0,0.0,0.0,0.0,0.0,0.0,0.0,0.0,0.0,0.0,0.0,0.0,0.0,0.0,0.0,0.0,0.0,0.0,0.0,0.0,0.0,0.0,0.0,0.0,0.0,0.0,0.0,0.0,0.0,0.0,0.0,0.0,0.0,0.0,0.0,0.0,0.0,0.0,0.0,0.0,0.0,0.0,0.0,0.0,0.0,0.0,0.0,0.0,0.0,0.0,0.0,0.0,0.0,0.0,0.0,0.0,0.0,0.0,0.0,0.0,0.0,0.0,0.0,0.0,0.0,0.0,0.0,0.0,0.0,0.0,0.0,0.0,0.0,0.0,0.0,0.0,0.0,0.0,0.0,0.0,4
1.0,0.8666666746139526,0.21212121844291687,0.0787878781557083,0.16969697177410123,0.16363635659217834,0.09090909361839294,0.21212121844291687,0.17575757205486295,0.13939394056797028,0.1878787875175476,0.2787878811359405,0.35757574439048767,0.35757574439048767,0.4000000059604645,0.4121212065219879,0.3939394056797028,0.40606060624122614,0.4000000059604645,0.4181818068027496,0.4363636374473572,0.4181818068027496,0.42424243688583374,0.4484848380088806,0.4606060683727264,0.4424242377281189,0.4424242377281189,0.4909090995788574,0.5090909004211426,0.5515151619911194,0.5939394235610962,0.6242424249649048,0.6606060862541199,0.6303030252456665,0.6545454263687134,0.6909090876579285,0.6727272868156433,0.6181818246841431,0.6303030252456665,0.5939394235610962,0.5454545617103577,0.5151515007019042,0.46666666865348816,0.42424243688583374,0.3939394056797028,0.3757575750350952,0.4000000059604645,0.3757575750350952,0.38787877559661865,0.3636363744735718,0.3696969747543335,0.3696969747543335,0.3696969747543335,0.38787877559661865,0.4000000059604645,0.35757574439048767,0.31515151262283325,0.31515151262283325,0.33939394354820246,0.3696969747543335,0.35151514410972595,0.34545454382896423,0.3757575750350952,0.40606060624122614,0.3818181753158569,0.3636363744735718,0.3939394056797028,0.3939394056797028,0.35757574439048767,0.34545454382896423,0.3757575750350952,0.40606060624122614,0.3818181753158569,0.38787877559661865,0.3757575750350952,0.35757574439048767,0.3757575750350952,0.3636363744735718,0.3333333432674408,0.3696969747543335,0.38787877559661865,0.3757575750350952,0.3696969747543335,0.4181818068027496,0.3636363744735718,0.4424242377281189,0.5454545617103577,0.7030302882194519,0.8969696760177612,0.7090908885002136,0.09696969389915465,0.0,0.08484848588705063,0.10909090936183928,0.0787878781557083,0.13333334028720856,0.20000000298023224,0.12727272510528564,0.13939394056797028,0.21818181872367856,0.2787878811359405,0.3757575750350952,0.3939394056797028,0.3636363744735718,0.31515151262283325,0.34545454382896423,0.3818181753158569,0.38787877559661865,0.3757575750350952,0.35757574439048767,0.3757575750350952,0.4000000059604645,0.4121212065219879,0.4181818068027496,0.4121212065219879,0.43030303716659546,0.4606060683727264,0.4606060683727264,0.4606060683727264,0.5090909004211426,0.5575757622718811,0.5757575631141664,0.5696969628334044,0.5757575631141664,0.5878787636756897,0.6303030252456665,0.6181818246841431,0.581818163394928,0.5454545617103577,0.5090909004211426,0.4545454680919647,0.4545454680919647,0.4121212065219879,0.0,0.0,0.0,0.0,0.0,0.0,0.0,0.0,0.0,0.0,0.0,0.0,0.0,0.0,0.0,0.0,0.0,0.0,0.0,0.0,0.0,0.0,0.0,0.0,0.0,0.0,0.0,0.0,0.0,0.0,0.0,0.0,0.0,0.0,0.0,0.0,0.0,0.0,0.0,0.0,0.0,0.0,0.0,0.0,0.0,0.0,0.0,0.0,0.0,0.0,0.0,0.0,0.0,0.0,1
1.0,0.9605262875556944,0.7105262875556946,0.2342105209827423,0.09736841917037965,0.15526315569877625,0.13684210181236267,0.04210526496171951,0.03947368264198303,0.03684210404753685,0.02631578966975212,0.023684211075305935,0.04736842215061188,0.03947368264198303,0.031578946858644485,0.02631578966975212,0.023684211075305935,0.03947368264198303,0.031578946858644485,0.015789473429322243,0.04210526496171951,0.03947368264198303,0.04210526496171951,0.023684211075305935,0.06578947603702545,0.05526315793395042,0.06578947603702545,0.05000000074505805,0.08684210479259491,0.08157894760370255,0.11052631586790083,0.09736841917037965,0.11052631586790083,0.12105263024568556,0.1342105269432068,0.11315789818763732,0.1315789520740509,0.12368421256542204,0.12894736230373383,0.102631576359272,0.12105263024568556,0.10526315867900848,0.11052631586790083,0.10000000149011612,0.11315789818763732,0.10789473354816435,0.08947368711233139,0.06842105090618134,0.08421052992343903,0.09473684430122375,0.08157894760370255,0.07894736528396606,0.08157894760370255,0.08947368711233139,0.09473684430122375,0.07894736528396606,0.09736841917037965,0.10000000149011612,0.11052631586790083,0.09736841917037965,0.10789473354816435,0.11842105537652968,0.11315789818763732,0.12631578743457794,0.13684210181236267,0.16842105984687805,0.18421052396297452,0.2236842066049576,0.22894737124443051,0.24210526049137115,0.22105263173580167,0.20263157784938807,0.18421052396297452,0.18421052396297452,0.1315789520740509,0.11315789818763732,0.10789473354816435,0.11842105537652968,0.10000000149011612,0.102631576359272,0.10000000149011612,0.08157894760370255,0.0,0.005263158120214939,0.2473684251308441,0.5973684191703796,0.8657894730567933,0.9894737005233764,0.9868420958518981,0.7236841917037965,0.24210526049137115,0.10526315867900848,0.20263157784938807,0.1342105269432068,0.07894736528396606,0.044736843556165695,0.06842105090618134,0.06315789371728897,0.06842105090618134,0.057894736528396606,0.06052631512284279,0.07631579041481018,0.07105263322591782,0.057894736528396606,0.06052631512284279,0.0,0.0,0.0,0.0,0.0,0.0,0.0,0.0,0.0,0.0,0.0,0.0,0.0,0.0,0.0,0.0,0.0,0.0,0.0,0.0,0.0,0.0,0.0,0.0,0.0,0.0,0.0,0.0,0.0,0.0,0.0,0.0,0.0,0.0,0.0,0.0,0.0,0.0,0.0,0.0,0.0,0.0,0.0,0.0,0.0,0.0,0.0,0.0,0.0,0.0,0.0,0.0,0.0,0.0,0.0,0.0,0.0,0.0,0.0,0.0,0.0,0.0,0.0,0.0,0.0,0.0,0.0,0.0,0.0,0.0,0.0,0.0,0.0,0.0,0.0,0.0,0.0,0.0,0.0,0.0,0.0,0.0,0
1.0,0.9925093650817872,0.6423221230506897,0.35393258929252625,0.18913857638835904,0.1591760367155075,0.12734082341194153,0.1179775297641754,0.09737827628850938,0.10299625247716904,0.0917603000998497,0.1011235937476158,0.08801498264074324,0.09363295882940291,0.07865168899297714,0.07865168899297714,0.06928838789463043,0.0749063640832901,0.06367041170597076,0.06741572916507721,0.056179776787757874,0.06741572916507721,0.05992509424686432,0.0749063640832901,0.07865168899297714,0.0917603000998497,0.1011235937476158,0.12734082341194153,0.13857677578926086,0.16104869544506073,0.1741573065519333,0.19475655257701877,0.20411984622478485,0.21535579860210416,0.1985018700361252,0.19475655257701877,0.1835206001996994,0.1910112351179123,0.18164794147014615,0.1910112351179123,0.1835206001996994,0.18913857638835904,0.1779026240110397,0.18726591765880585,0.18164794147014615,0.1910112351179123,0.1779026240110397,0.196629211306572,0.196629211306572,0.2303370833396912,0.2584269642829895,0.318352073431015,0.3782771527767181,0.45692884922027593,0.5131086111068726,0.584269642829895,0.6217228174209595,0.670412003993988,0.6498127579689026,0.6273408532142639,0.5880149602890015,0.5861423015594481,0.5749063491821289,0.6273408532142639,0.5692883729934692,0.4082396924495697,0.22659176588058472,0.16853933036327362,0.1423220932483673,0.1498127281665802,0.1329587996006012,0.12921348214149475,0.10674156993627548,0.1011235937476158,0.07677902281284332,0.06367041170597076,0.043071161955595016,0.03558052331209183,0.028089888393878937,0.028089888393878937,0.01123595517128706,0.016853932291269302,0.0,0.013108613900840282,0.009363295510411263,0.020599251613020897,0.020599251613020897,0.0,0.0,0.0,0.0,0.0,0.0,0.0,0.0,0.0,0.0,0.0,0.0,0.0,0.0,0.0,0.0,0.0,0.0,0.0,0.0,0.0,0.0,0.0,0.0,0.0,0.0,0.0,0.0,0.0,0.0,0.0,0.0,0.0,0.0,0.0,0.0,0.0,0.0,0.0,0.0,0.0,0.0,0.0,0.0,0.0,0.0,0.0,0.0,0.0,0.0,0.0,0.0,0.0,0.0,0.0,0.0,0.0,0.0,0.0,0.0,0.0,0.0,0.0,0.0,0.0,0.0,0.0,0.0,0.0,0.0,0.0,0.0,0.0,0.0,0.0,0.0,0.0,0.0,0.0,0.0,0.0,0.0,0.0,0.0,0.0,0.0,0.0,0.0,0.0,0.0,0.0,0.0,0.0,0.0,0.0,0.0,0.0,0.0,0.0,0.0,3
0.9605734944343568,0.9534050226211549,0.4569892585277557,0.10752688348293304,0.04659498110413551,0.01433691754937172,0.00716845877468586,0.016129031777381897,0.07526881992816925,0.20967741310596463,0.3512544929981232,0.41397848725318903,0.4462365508079529,0.46774193644523615,0.46774193644523615,0.46953403949737543,0.47491040825843805,0.47670251131057734,0.4731182754039765,0.4605734646320343,0.458781361579895,0.4372759759426117,0.41756272315979,0.40860214829444885,0.4068100452423096,0.4050179123878479,0.3870967626571655,0.37634408473968506,0.38530465960502625,0.38530465960502625,0.3745519816875458,0.379928320646286,0.3960573375225067,0.41935482621192927,0.43369176983833313,0.44802868366241455,0.47491040825843805,0.4928315281867981,0.4982078969478607,0.5,0.5215053558349608,0.5322580933570862,0.5250896215438843,0.5322580933570862,0.5394265055656433,0.5448028445243835,0.5286738276481628,0.5179211497306824,0.5322580933570862,0.5340501666069031,0.5286738276481628,0.5232974886894226,0.5250896215438843,0.5286738276481628,0.5215053558349608,0.5143369436264038,0.5250896215438843,0.5250896215438843,0.519713282585144,0.5107526779174805,0.5304659605026245,0.5340501666069031,0.5179211497306824,0.519713282585144,0.5286738276481628,0.5376344323158264,0.5250896215438843,0.5107526779174805,0.5250896215438843,0.5322580933570862,0.5232974886894226,0.5232974886894226,0.5358422994613647,0.5286738276481628,0.5304659605026245,0.541218638420105,0.5734767317771912,0.5752688050270081,0.5716845989227295,0.58243727684021,0.6129032373428345,0.6111111044883728,0.5752688050270081,0.5609319210052489,0.5806451439857483,0.6039426326751709,0.5734767317771912,0.5376344323158264,0.5304659605026245,0.5089605450630188,0.4928315281867981,0.4928315281867981,0.5017921328544617,0.4982078969478607,0.4910394251346588,0.4856630861759186,0.5,0.5053763389587401,0.48745518922805786,0.4820788502693176,0.5663082599639893,0.7419354915618896,0.7939068078994752,0.8064516186714172,1.0,0.8727598786354066,0.32258063554763794,0.07347670197486877,0.044802866876125336,0.0017921146936714647,0.0,0.005376344081014395,0.06630824506282806,0.19534049928188324,0.3512544929981232,0.424731194972992,0.4534050226211548,0.4713261723518372,0.47670251131057734,0.4731182754039765,0.47849461436271673,0.47670251131057734,0.46594983339309687,0.4605734646320343,0.4605734646320343,0.0,0.0,0.0,0.0,0.0,0.0,0.0,0.0,0.0,0.0,0.0,0.0,0.0,0.0,0.0,0.0,0.0,0.0,0.0,0.0,0.0,0.0,0.0,0.0,0.0,0.0,0.0,0.0,0.0,0.0,0.0,0.0,0.0,0.0,0.0,0.0,0.0,0.0,0.0,0.0,0.0,0.0,0.0,0.0,0.0,0.0,0.0,0.0,0.0,0.0,0.0,0.0,0.0,0.0,0.0,0.0,0.0,0.0,0.0,0.0,0.0,0.0,0
0.9331651926040648,0.8726355433464049,0.809583842754364,0.7377049326896667,0.6771752834320068,0.6015132665634155,0.4804539680480957,0.3442623019218445,0.2118537127971649,0.12358133494853972,0.13114753365516663,0.06305170059204102,0.02900378219783306,0.0,0.08701135218143462,0.19798234105110168,0.2786885201931,0.30895334482193,0.35435056686401367,0.3669609129428864,0.41109710931777954,0.45397225022315973,0.501891553401947,0.5548549890518188,0.6141235828399657,0.6532156467437744,0.6759142279624938,0.6847414970397949,0.7124842405319214,0.7225725054740906,0.7477931976318358,0.7566204071044922,0.7818410992622374,0.7957124710083008,0.8272383213043213,0.8411096930503845,0.8675914406776429,0.8751576542854309,0.8928121328353882,0.9003782868385315,0.9029003977775572,0.8965951800346375,0.8928121328353882,0.8764186501502991,0.8549810647964476,0.8272383213043213,0.7994955778121949,0.7629256248474121,0.7313997745513917,0.692307710647583,0.6633039116859436,0.6216897964477539,0.6002522110939026,0.5775535702705383,0.5687263607978821,0.5498108267784119,0.5460277199745177,0.5372005105018616,0.5447667241096497,0.5485498309135437,0.5750315189361572,0.6015132665634155,0.6216897964477539,0.6267338991165161,0.6355611681938171,0.6141235828399657,0.6052963137626648,0.6078184247016907,0.6078184247016907,0.5901639461517334,0.5788146257400513,0.5548549890518188,0.5397225618362427,0.5233291387557983,0.5182849764823914,0.5006304979324341,0.5006304979324341,0.4930643141269684,0.49936947226524353,0.4918032884597778,0.4968474209308624,0.4892812073230744,0.4943253397941589,0.4892812073230744,0.49558639526367193,0.4892812073230744,0.4918032884597778,0.4892812073230744,0.4918032884597778,0.48423707485198975,0.4918032884597778,0.4905422329902649,0.4968474209308624,0.4905422329902649,0.498108446598053,0.49558639526367193,0.5094577670097351,0.5170239806175232,0.5725094676017761,0.9583858847618104,1.0,0.9268600344657898,0.8562421202659608,0.7994955778121949,0.7263556122779846,0.6343001127243042,0.5233291387557983,0.39848676323890686,0.27490541338920593,0.19672131538391116,0.15006305277347565,0.07692307978868483,0.039092056453228,0.006305170245468616,0.1122320294380188,0.23076923191547397,0.2976040244102478,0.3366960883140564,0.36948296427726746,0.3720050454139709,0.0,0.0,0.0,0.0,0.0,0.0,0.0,0.0,0.0,0.0,0.0,0.0,0.0,0.0,0.0,0.0,0.0,0.0,0.0,0.0,0.0,0.0,0.0,0.0,0.0,0.0,0.0,0.0,0.0,0.0,0.0,0.0,0.0,0.0,0.0,0.0,0.0,0.0,0.0,0.0,0.0,0.0,0.0,0.0,0.0,0.0,0.0,0.0,0.0,0.0,0.0,0.0,0.0,0.0,0.0,0.0,0.0,0.0,0.0,0.0,0.0,0.0,0.0,0.0,0.0,0.0,0.0,4
0.6948148012161255,0.5925925970077515,0.4696296155452728,0.33629629015922546,0.1837037056684494,0.08888889104127885,0.02074074000120163,0.0,0.026666667312383648,0.09925925731658936,0.22666667401790616,0.33777776360511774,0.38962963223457336,0.4533333480358124,0.517037034034729,0.5703703761100769,0.6059259176254272,0.6355555653572083,0.648888885974884,0.6592592597007751,0.6622222065925598,0.6711111068725586,0.6725925803184509,0.6918518543243408,0.7051851749420166,0.7170370221138,0.7362962961196899,0.7525925636291504,0.7644444704055786,0.7925925850868225,0.8177777528762817,0.8444444537162781,0.8622221946716307,0.8888888955116272,0.9007407426834105,0.9081481695175171,0.9081481695175171,0.8948147892951965,0.878518521785736,0.8533333539962769,0.8207407593727111,0.7866666913032532,0.7333333492279053,0.6962962746620177,0.6607407331466675,0.6325926184654236,0.6118518710136414,0.6000000238418579,0.5881481766700745,0.5792592763900757,0.5748147964477539,0.5659258961677551,0.5614814758300781,0.5570370554924011,0.5540740489959717,0.5585185289382936,0.5555555820465088,0.5540740489959717,0.5451852083206177,0.5437036752700806,0.54666668176651,0.551111102104187,0.5451852083206177,0.54666668176651,0.5362963080406189,0.5348148345947266,0.5244444608688353,0.5318518280982971,0.5288888812065125,0.5244444608688353,0.5199999809265137,0.521481454372406,0.5199999809265137,0.5155555605888367,0.512592613697052,0.5155555605888367,0.5155555605888367,0.5274074077606201,0.5259259343147278,0.5288888812065125,0.5318518280982971,0.5303703546524048,0.5303703546524048,0.5229629874229431,0.5229629874229431,0.5229629874229431,0.5199999809265137,0.521481454372406,0.5259259343147278,0.5318518280982971,0.5199999809265137,0.5333333611488342,0.5451852083206177,0.6474074125289917,1.0,0.8562963008880614,0.7881481647491454,0.7022222280502319,0.6029629707336426,0.4918518662452698,0.3555555641651153,0.20888888835906985,0.1155555546283722,0.04740740731358528,0.034074075520038605,0.057777777314186096,0.12148147821426392,0.2651851773262024,0.32592591643333435,0.3570370376110077,0.41333332657814026,0.4711111187934875,0.5362963080406189,0.5822222232818604,0.6103703975677489,0.6281481385231018,0.6429629921913146,0.0,0.0,0.0,0.0,0.0,0.0,0.0,0.0,0.0,0.0,0.0,0.0,0.0,0.0,0.0,0.0,0.0,0.0,0.0,0.0,0.0,0.0,0.0,0.0,0.0,0.0,0.0,0.0,0.0,0.0,0.0,0.0,0.0,0.0,0.0,0.0,0.0,0.0,0.0,0.0,0.0,0.0,0.0,0.0,0.0,0.0,0.0,0.0,0.0,0.0,0.0,0.0,0.0,0.0,0.0,0.0,0.0,0.0,0.0,0.0,0.0,0.0,0.0,0.0,0.0,0.0,0.0,0.0,0.0,0.0,4
0.3346613645553589,0.011952191591262816,0.0,0.10756972432136536,0.29482072591781616,0.3346613645553589,0.43824702501297,0.4940239191055298,0.5498008131980896,0.6374502182006836,0.7569721341133117,0.7808765172958374,0.8326693177223204,0.8446215391159058,0.8565737009048462,0.8565737009048462,0.8764940500259398,0.8685259222984315,0.8924303054809569,0.8924303054809569,0.9083665609359741,0.9003984332084655,0.9123505949974061,0.9003984332084655,0.9123505949974061,0.9043824672698975,0.9203187227249144,0.9123505949974061,0.9282868504524232,0.9203187227249144,0.9521912336349488,0.9402390718460083,0.9601593613624573,0.9601593613624573,0.9840637445449827,0.9521912336349488,0.9880478382110596,0.9561753273010254,0.9721115827560426,0.9721115827560426,0.9760956168174744,0.980079710483551,1.0,0.9760956168174744,0.9760956168174744,0.9681274890899657,0.996015965938568,0.9721115827560426,0.9760956168174744,0.980079710483551,0.9721115827560426,0.9482071995735168,0.9561753273010254,0.9203187227249144,0.8964143395423889,0.8764940500259398,0.9003984332084655,0.8844621777534484,0.8884462118148804,0.8685259222984315,0.8804780840873718,0.8525896668434142,0.8804780840873718,0.8446215391159058,0.8406374454498291,0.8406374454498291,0.8525896668434142,0.8286852836608887,0.8446215391159058,0.824701189994812,0.8446215391159058,0.824701189994812,0.8565737009048462,0.8366534113883971,0.8286852836608887,0.804780900478363,0.8207171559333801,0.7928286790847777,0.824701189994812,0.8007968068122863,0.8167330622673034,0.7768924236297606,0.7968127727508546,0.7689242959022523,0.7928286790847777,0.7768924236297606,0.7928286790847777,0.7808765172958374,0.8007968068122863,0.7848605513572691,0.7848605513572691,0.7649402618408203,0.7848605513572691,0.7649402618408203,0.7649402618408203,0.7609561681747437,0.7689242959022523,0.7450199127197266,0.7609561681747437,0.7490040063858032,0.7569721341133117,0.752988040447235,0.7649402618408203,0.752988040447235,0.7649402618408203,0.7768924236297606,0.7968127727508546,0.788844645023346,0.8007968068122863,0.7569721341133117,0.7808765172958374,0.7330677509307861,0.7569721341133117,0.752988040447235,0.788844645023346,0.7768924236297606,0.7768924236297606,0.7689242959022523,0.7968127727508546,0.7729083895683287,0.8007968068122863,0.7848605513572691,0.804780900478363,0.7968127727508546,0.8087649345397949,0.7768924236297606,0.7928286790847777,0.788844645023346,0.8207171559333801,0.8127490282058717,0.8366534113883971,0.8366534113883971,0.8326693177223204,0.8087649345397949,0.824701189994812,0.804780900478363,0.8087649345397949,0.8007968068122863,0.8366534113883971,0.8007968068122863,0.7768924236297606,0.7609561681747437,0.7649402618408203,0.752988040447235,0.7689242959022523,0.7649402618408203,0.7729083895683287,0.7689242959022523,0.7848605513572691,0.7450199127197266,0.7848605513572691,0.7968127727508546,0.8406374454498291,0.8007968068122863,0.6334661245346069,0.4302788972854614,0.5059760808944702,0.788844645023346,0.824701189994812,0.47011953592300415,0.629482090473175,0.7729083895683287,0.7968127727508546,0.7968127727508546,0.8207171559333801,0.8007968068122863,0.8446215391159058,0.824701189994812,0.8406374454498291,0.8366534113883971,0.8645418286323547,0.8406374454498291,0.8685259222984315,0.8486055731773376,0.8605577945709229,0.8406374454498291,0.8605577945709229,0.8525896668434142,0.8725099563598634,0.8725099563598634,0.8884462118148804,0.8844621777534484,0.0,0.0,0.0,0.0,0.0,2
1.0,0.7270789146423341,0.3176972270011902,0.168443500995636,0.17910447716712952,0.15138593316078186,0.1556503176689148,0.14498934149742126,0.1556503176689148,0.14498934149742126,0.15778250992298126,0.1492537260055542,0.16631129384040833,0.15991471707820892,0.17697228491306305,0.17057569324970245,0.17697228491306305,0.181236669421196,0.181236669421196,0.17484009265899658,0.19616204500198364,0.18550106883049008,0.21748401224613187,0.21321961283683777,0.23027718067169187,0.23027718067169187,0.25799572467803955,0.2601279318332672,0.2665245234966278,0.25799572467803955,0.25799572467803955,0.234541580080986,0.2238806039094925,0.21321961283683777,0.20255863666534424,0.17697228491306305,0.18976545333862305,0.18763326108455655,0.19829423725605008,0.19829423725605008,0.2068230211734772,0.20469082891941073,0.20895522832870483,0.19616204500198364,0.21535180509090424,0.21108742058277127,0.2196162045001984,0.2515991330146789,0.2729211151599884,0.2985074520111084,0.38592749834060663,0.473347544670105,0.5756929516792296,0.6503198146820068,0.7249466776847838,0.7718549966812133,0.7739872336387633,0.7142857313156128,0.6716417670249938,0.6183369159698486,0.609808087348938,0.5628997683525084,0.5181236863136292,0.38592749834060663,0.17057569324970245,0.06396588683128357,0.04477611929178238,0.03624733537435532,0.021321961656212807,0.0,0.0,0.0,0.0,0.0,0.0,0.0,0.0,0.0,0.0,0.0,0.0,0.0,0.0,0.0,0.0,0.0,0.0,0.0,0.0,0.0,0.0,0.0,0.0,0.0,0.0,0.0,0.0,0.0,0.0,0.0,0.0,0.0,0.0,0.0,0.0,0.0,0.0,0.0,0.0,0.0,0.0,0.0,0.0,0.0,0.0,0.0,0.0,0.0,0.0,0.0,0.0,0.0,0.0,0.0,0.0,0.0,0.0,0.0,0.0,0.0,0.0,0.0,0.0,0.0,0.0,0.0,0.0,0.0,0.0,0.0,0.0,0.0,0.0,0.0,0.0,0.0,0.0,0.0,0.0,0.0,0.0,0.0,0.0,0.0,0.0,0.0,0.0,0.0,0.0,0.0,0.0,0.0,0.0,0.0,0.0,0.0,0.0,0.0,0.0,0.0,0.0,0.0,0.0,0.0,0.0,0.0,0.0,0.0,0.0,0.0,0.0,0.0,0.0,0.0,0.0,0.0,0.0,3
0.5322862267494202,0.443280965089798,0.28272250294685364,0.14310646057128906,0.020942408591508865,0.0,0.027923211455345157,0.03664921596646309,0.059336822479963296,0.1116928458213806,0.1413612514734268,0.16230367124080655,0.18673647940158844,0.2006980776786804,0.19546248018741608,0.1919720768928528,0.20418848097324369,0.21291448175907132,0.20942407846450803,0.2006980776786804,0.1919720768928528,0.19371727108955383,0.19546248018741608,0.2059336751699448,0.21291448175907132,0.2373472899198532,0.2582896947860718,0.28097730875015253,0.31239092350006104,0.3525305390357971,0.38045376539230347,0.3944153487682343,0.415357768535614,0.4293193817138672,0.43455496430397034,0.42233857512474066,0.4205933809280396,0.4066317677497864,0.3891797661781311,0.3647469580173493,0.349040150642395,0.3368237316608429,0.32460734248161316,0.30366492271423334,0.29493892192840576,0.2966841161251068,0.28621292114257807,0.27923211455345154,0.27574169635772705,0.28621292114257807,0.28621292114257807,0.28097730875015253,0.28272250294685364,0.2879581153392792,0.2914485037326813,0.2879581153392792,0.28621292114257807,0.2931937277317047,0.2879581153392792,0.28097730875015253,0.28097730875015253,0.28621292114257807,0.28272250294685364,0.2774869203567505,0.27574169635772705,0.28621292114257807,0.28097730875015253,0.2774869203567505,0.27923211455345154,0.2844677269458771,0.2844677269458771,0.2774869203567505,0.27923211455345154,0.3001745343208313,0.3176265358924866,0.35776615142822266,0.4328097701072693,0.5724258422851562,0.7626526951789856,0.9301919937133789,1.0,0.9546247720718384,0.8394415378570557,0.5916230082511902,0.3333333432674408,0.23909249901771543,0.22164048254489896,0.1884816735982895,0.1588132679462433,0.14659686386585236,0.13961605727672577,0.0,0.0,0.0,0.0,0.0,0.0,0.0,0.0,0.0,0.0,0.0,0.0,0.0,0.0,0.0,0.0,0.0,0.0,0.0,0.0,0.0,0.0,0.0,0.0,0.0,0.0,0.0,0.0,0.0,0.0,0.0,0.0,0.0,0.0,0.0,0.0,0.0,0.0,0.0,0.0,0.0,0.0,0.0,0.0,0.0,0.0,0.0,0.0,0.0,0.0,0.0,0.0,0.0,0.0,0.0,0.0,0.0,0.0,0.0,0.0,0.0,0.0,0.0,0.0,0.0,0.0,0.0,0.0,0.0,0.0,0.0,0.0,0.0,0.0,0.0,0.0,0.0,0.0,0.0,0.0,0.0,0.0,0.0,0.0,0.0,0.0,0.0,0.0,0.0,0.0,0.0,0.0,0.0,0.0,0.0,0.0,2
1.0,0.8451613187789918,0.5754838585853577,0.31870967149734497,0.16516129672527313,0.16516129672527313,0.15354838967323303,0.12903225421905515,0.13032257556915283,0.11999999731779099,0.09806451946496964,0.10064516216516493,0.1019354835152626,0.09677419066429138,0.09677419066429138,0.0903225839138031,0.0929032266139984,0.09935484081506728,0.09677419066429138,0.1109677404165268,0.12774193286895752,0.1458064466714859,0.17290322482585907,0.18967741727828977,0.21161291003227237,0.23870967328548431,0.26967743039131165,0.2954838573932648,0.3199999928474426,0.3406451642513275,0.34838709235191345,0.3380645215511322,0.34580644965171814,0.33935484290122986,0.32774192094802856,0.3096774220466614,0.30193549394607544,0.2916128933429718,0.26967743039131165,0.24258065223693848,0.2219354808330536,0.21935483813285828,0.21419355273246765,0.22322580218315125,0.22967742383480072,0.21161291003227237,0.21935483813285828,0.2503225803375244,0.2761290371417999,0.29935485124588007,0.30838710069656367,0.3032258152961731,0.2722580730915069,0.236129030585289,0.21548387408256528,0.19741936028003687,0.19612903892993927,0.20903225243091583,0.20903225243091583,0.20258064568042755,0.21161291003227237,0.2064516097307205,0.18967741727828977,0.20903225243091583,0.3767741918563842,0.6800000071525574,0.8941935300827025,0.7316129207611085,0.42451614141464233,0.14451612532138824,0.0,0.08258064836263657,0.1432258039712906,0.12387096881866456,0.10967741906642912,0.09935484081506728,0.09548386931419373,0.09806451946496964,0.09161290526390077,0.0,0.0,0.0,0.0,0.0,0.0,0.0,0.0,0.0,0.0,0.0,0.0,0.0,0.0,0.0,0.0,0.0,0.0,0.0,0.0,0.0,0.0,0.0,0.0,0.0,0.0,0.0,0.0,0.0,0.0,0.0,0.0,0.0,0.0,0.0,0.0,0.0,0.0,0.0,0.0,0.0,0.0,0.0,0.0,0.0,0.0,0.0,0.0,0.0,0.0,0.0,0.0,0.0,0.0,0.0,0.0,0.0,0.0,0.0,0.0,0.0,0.0,0.0,0.0,0.0,0.0,0.0,0.0,0.0,0.0,0.0,0.0,0.0,0.0,0.0,0.0,0.0,0.0,0.0,0.0,0.0,0.0,0.0,0.0,0.0,0.0,0.0,0.0,0.0,0.0,0.0,0.0,0.0,0.0,0.0,0.0,0.0,0.0,0.0,0.0,0.0,0.0,0.0,0.0,0.0,0.0,0.0,0.0,3
0.6192170977592468,0.48932385444641113,0.32740214467048645,0.11032028496265411,0.0,0.06049821898341178,0.10854092240333556,0.10854092240333556,0.1459074765443802,0.19217081367969513,0.2224199324846268,0.2597864866256714,0.2793594300746918,0.28291815519332886,0.2793594300746918,0.2758007049560547,0.2811387777328491,0.2882562279701233,0.28647688031196594,0.2811387777328491,0.2793594300746918,0.29003557562828064,0.2918149530887604,0.2971530258655548,0.3131672739982605,0.33451956510543823,0.3576512336730957,0.3807829320430756,0.4056939482688904,0.435943067073822,0.4644128084182739,0.4768683314323425,0.4911032021045685,0.5088967680931091,0.5017793774604796,0.49644127488136286,0.4839857518672943,0.4715302586555481,0.4572953879833221,0.4306049942970276,0.4163700938224792,0.4074732959270477,0.38612100481987,0.35943061113357544,0.3505338132381439,0.354092538356781,0.3416370153427124,0.33096083998680115,0.32740214467048645,0.33096083998680115,0.32740214467048645,0.3131672739982605,0.31494662165641785,0.3220640420913696,0.31850534677505493,0.3131672739982605,0.3113878965377808,0.3167259693145752,0.3113878965377808,0.30249109864234924,0.2989323735237121,0.3078291714191437,0.304270476102829,0.29537367820739746,0.29003557562828064,0.2989323735237121,0.2918149530887604,0.29003557562828064,0.29003557562828064,0.29537367820739746,0.2882562279701233,0.29003557562828064,0.2882562279701233,0.2882562279701233,0.2882562279701233,0.28647688031196594,0.2918149530887604,0.2971530258655548,0.30249109864234924,0.3007117509841919,0.3096085488796234,0.32384341955184937,0.33096083998680115,0.32740214467048645,0.3202846944332123,0.31494662165641785,0.29537367820739746,0.2811387777328491,0.27402135729789734,0.2669039070606232,0.2633451819419861,0.26156583428382874,0.2633451819419861,0.2722419798374176,0.2775800824165344,0.29537367820739746,0.354092538356781,0.4715302586555481,0.6583629846572876,0.8505337834358214,1.0,0.9768683314323424,0.5427046418190001,0.19395017623901367,0.18505337834358213,0.21886120736598969,0.22419929504394528,0.20106761157512665,0.20462633669376373,0.20996440947055817,0.20106761157512665,0.19750890135765076,0.0,0.0,0.0,0.0,0.0,0.0,0.0,0.0,0.0,0.0,0.0,0.0,0.0,0.0,0.0,0.0,0.0,0.0,0.0,0.0,0.0,0.0,0.0,0.0,0.0,0.0,0.0,0.0,0.0,0.0,0.0,0.0,0.0,0.0,0.0,0.0,0.0,0.0,0.0,0.0,0.0,0.0,0.0,0.0,0.0,0.0,0.0,0.0,0.0,0.0,0.0,0.0,0.0,0.0,0.0,0.0,0.0,0.0,0.0,0.0,0.0,0.0,0.0,0.0,0.0,0.0,0.0,0.0,0.0,0.0,0.0,0.0,0.0,0.0,0.0,2
1.0,0.7609561681747437,0.12350597977638245,0.0,0.09163346886634825,0.0996015965938568,0.07968127727508545,0.15139442682266235,0.18326693773269653,0.1434262990951538,0.13545817136764526,0.19521912932395932,0.28286853432655334,0.3027888536453247,0.2908366620540619,0.2868525981903076,0.3027888536453247,0.2908366620540619,0.2908366620540619,0.31075698137283325,0.32669323682785034,0.31075698137283325,0.29482072591781616,0.3027888536453247,0.3346613645553589,0.3466135561466217,0.33864542841911316,0.350597620010376,0.3864541947841644,0.3904382586479187,0.41035857796669006,0.4342629611492157,0.4741035997867584,0.5019920468330383,0.5219123363494873,0.5378485918045044,0.5498008131980896,0.525896430015564,0.5059760808944702,0.5019920468330383,0.4780876636505127,0.44621515274047846,0.3984063863754272,0.3864541947841644,0.350597620010376,0.3306773006916046,0.29482072591781616,0.3027888536453247,0.31075698137283325,0.306772917509079,0.29482072591781616,0.2868525981903076,0.28286853432655334,0.2749004065990448,0.26693227887153625,0.27091634273529047,0.27091634273529047,0.2749004065990448,0.262948215007782,0.2868525981903076,0.3027888536453247,0.3306773006916046,0.31872510910034174,0.32270917296409607,0.32270917296409607,0.32270917296409607,0.3027888536453247,0.29482072591781616,0.3147410452365875,0.3346613645553589,0.31872510910034174,0.32270917296409607,0.31075698137283325,0.3147410452365875,0.29880478978157043,0.29482072591781616,0.32669323682785034,0.31075698137283325,0.2908366620540619,0.31075698137283325,0.32669323682785034,0.3147410452365875,0.31872510910034174,0.350597620010376,0.44621515274047846,0.7211155295372009,0.9721115827560426,0.6573705077171326,0.12350597977638245,0.04780876636505127,0.09561753273010254,0.131474107503891,0.11952191591262816,0.175298810005188,0.19521912932395932,0.16334661841392517,0.19521912932395932,0.23904383182525635,0.262948215007782,0.3147410452365875,0.32270917296409607,0.31872510910034174,0.31075698137283325,0.0,0.0,0.0,0.0,0.0,0.0,0.0,0.0,0.0,0.0,0.0,0.0,0.0,0.0,0.0,0.0,0.0,0.0,0.0,0.0,0.0,0.0,0.0,0.0,0.0,0.0,0.0,0.0,0.0,0.0,0.0,0.0,0.0,0.0,0.0,0.0,0.0,0.0,0.0,0.0,0.0,0.0,0.0,0.0,0.0,0.0,0.0,0.0,0.0,0.0,0.0,0.0,0.0,0.0,0.0,0.0,0.0,0.0,0.0,0.0,0.0,0.0,0.0,0.0,0.0,0.0,0.0,0.0,0.0,0.0,0.0,0.0,0.0,0.0,0.0,0.0,0.0,0.0,0.0,0.0,0.0,0.0,0.0,0.0,1
